name,slug,type,state,city,seats,annual_fees,closing_rank_open,nirf_rank,asmi_recommended,course,established_year,hospital_beds,photo,photo_placeholder_color,contact_phone,contact_email,website,address,affiliated_university,opd_daily,bond_years,bond_penalty,hostel_available,asmi_pulse_score,asmi_verdict,description,attached_hospital,nearby_airport,nearby_railway_station,google_location,pg_courses_availability
"Jawaharlal Institute of Postgraduate Medical Education & Research, Karaikal",jawaharlal-institute-of-postgraduate-medical-education-research-karaikal,JIPMER,Pondicherry,Karaikal,61,,,,TRUE,MBBS,,,,#0e7490,,,,,,,,,,,,,,,,,
"Jawaharlal Institute of Postgraduate Medical Education & Research, Puducherry",jawaharlal-institute-of-postgraduate-medical-education-research-puducherry,JIPMER,Pondicherry,Puducherry,182,,,,TRUE,MBBS,,,,#0e7490,,,,,,,,,,,,,,,,,
"Grant Medical College, Mumbai",grant-medical-college-mumbai,Government,Maharashtra,Mumbai,250,,,,TRUE,MBBS,,,,#15803d,,,,,,,,,,,,,,,,,
"Maulana Azad Medical College, New Delhi",maulana-azad-medical-college-new-delhi,Government,Delhi,New Delhi,250,,,,TRUE,MBBS,,,,#15803d,,,,,,,,,,,,,,,,,
"Seth GS Medical College and KEM Hospital, Mumbai",seth-gs-medical-college-and-kem-hospital-mumbai,Government,Maharashtra,Mumbai,250,,,,TRUE,MBBS,,,,#15803d,,,,,,,,,,,,,,,,,
"Kasturba Medical College, Manipal",kasturba-medical-college-manipal,Deemed,Karnataka,Manipal,250,,,,TRUE,MBBS,,,,#c2410c,,,,,,,,,,,,,,,,,
"Manipal Tata Medical College,Baridih Jameshedpur",manipal-tata-medical-college-baridih-jameshedpur,Deemed,Jharkhand,Baridih Jameshedpur,200,,,,TRUE,MBBS,,,,#c2410c,,,,,,,,,,,,,,,,,
M S RAMAIAH MEDICAL COLLEGE,m-s-ramaiah-medical-college,Private,Karnataka,,150,,,,TRUE,MBBS,,,,#6a0dad,,,,,,,,,,,,,,,,,
"Sikkim Manipal Institute of Medical Sciences, Gangtok",sikkim-manipal-institute-of-medical-sciences-gangtok,Private,Sikkim,Gangtok,150,,,,TRUE,MBBS,,,,#6a0dad,,,,,,,,,,,,,,,,,
"All India Institute of Medical Sciences, Bhatinda",all-india-institute-of-medical-sciences-bhatinda,AIIMS,Punjab,Bhatinda,100,,,,FALSE,MBBS,,,,#1a0040,,,,,,,,,,,,,,,,,
"All India Institute of Medical Sciences, Bhopal",all-india-institute-of-medical-sciences-bhopal,AIIMS,Madhya Pradesh,Bhopal,125,,,,FALSE,MBBS,,,,#1a0040,,,,,,,,,,,,,,,,,
"All India Institute of Medical Sciences, Bhubaneswar",all-india-institute-of-medical-sciences-bhubaneswar,AIIMS,Odisha,Bhubaneswar,125,,,,FALSE,MBBS,,,,#1a0040,,,,,,,,,,,,,,,,,
"All India Institute of Medical Sciences, Bibinagar",all-india-institute-of-medical-sciences-bibinagar,AIIMS,Telangana,Bibinagar,100,,,,FALSE,MBBS,,,,#1a0040,,,,,,,,,,,,,,,,,
"All India Institute of Medical Sciences, Bilaspur",all-india-institute-of-medical-sciences-bilaspur,AIIMS,Himachal Pradesh,Bilaspur,100,,,,FALSE,MBBS,,,,#1a0040,,,,,,,,,,,,,,,,,
"All India Institute of Medical Sciences, Deoghar",all-india-institute-of-medical-sciences-deoghar,AIIMS,Jharkhand,Deoghar,125,,,,FALSE,MBBS,,,,#1a0040,,,,,,,,,,,,,,,,,
"All India Institute of Medical Sciences, Gorakhpur",all-india-institute-of-medical-sciences-gorakhpur,AIIMS,Uttar Pradesh,Gorakhpur,125,,,,FALSE,MBBS,,,,#1a0040,,,,,,,,,,,,,,,,,
"All India Institute of Medical Sciences, Guwahati",all-india-institute-of-medical-sciences-guwahati,AIIMS,Assam,Guwahati,100,,,,FALSE,MBBS,,,,#1a0040,,,,,,,,,,,,,,,,,
"All India Institute of Medical Sciences, Jodhpur",all-india-institute-of-medical-sciences-jodhpur,AIIMS,Rajasthan,Jodhpur,150,,,,FALSE,MBBS,,,,#1a0040,,,,,,,,,,,,,,,,,
"All India Institute of Medical Sciences, Kalyani, Nadia",all-india-institute-of-medical-sciences-kalyani-nadia,AIIMS,West Bengal,Nadia,125,,,,FALSE,MBBS,,,,#1a0040,,,,,,,,,,,,,,,,,
"All India Institute of Medical Sciences, Madurai",all-india-institute-of-medical-sciences-madurai,AIIMS,Tamil Nadu,Madurai,50,,,,FALSE,MBBS,,,,#1a0040,,,,,,,,,,,,,,,,,
"All India Institute of Medical Sciences, Mangalagiri, Vijayawada",all-india-institute-of-medical-sciences-mangalagiri-vijayawada,AIIMS,Andhra Pradesh,Vijayawada,125,,,,FALSE,MBBS,,,,#1a0040,,,,,,,,,,,,,,,,,
"All India Institute of Medical Sciences, Nagpur",all-india-institute-of-medical-sciences-nagpur,AIIMS,Maharashtra,Nagpur,125,,,,FALSE,MBBS,,,,#1a0040,,,,,,,,,,,,,,,,,
"All India Institute of Medical Sciences, New Delhi",all-india-institute-of-medical-sciences-new-delhi,AIIMS,Delhi,New Delhi,132,,,,FALSE,MBBS,,,,#1a0040,,,,,,,,,,,,,,,,,
"All India Institute of Medical Sciences, Patna",all-india-institute-of-medical-sciences-patna,AIIMS,Bihar,Patna,125,,,,FALSE,MBBS,,,,#1a0040,,,,,,,,,,,,,,,,,
"All India Institute of Medical Sciences, Rae Bareli",all-india-institute-of-medical-sciences-rae-bareli,AIIMS,Uttar Pradesh,Rae Bareli,100,,,,FALSE,MBBS,,,,#1a0040,,,,,,,,,,,,,,,,,
"All India Institute of Medical Sciences, Raipur",all-india-institute-of-medical-sciences-raipur,AIIMS,Chattisgarh,Raipur,125,,,,FALSE,MBBS,,,,#1a0040,,,,,,,,,,,,,,,,,
"All India Institute of Medical Sciences, Rajkot",all-india-institute-of-medical-sciences-rajkot,AIIMS,Gujarat,Rajkot,75,,,,FALSE,MBBS,,,,#1a0040,,,,,,,,,,,,,,,,,
"All India Institute of Medical Sciences, Rishikesh",all-india-institute-of-medical-sciences-rishikesh,AIIMS,Uttarakhand,Rishikesh,125,,,,FALSE,MBBS,,,,#1a0040,,,,,,,,,,,,,,,,,
"All India Institute of Medical Sciences, Vijaypur",all-india-institute-of-medical-sciences-vijaypur,AIIMS,Jammu & Kashmir,Vijaypur,100,,,,FALSE,MBBS,,,,#1a0040,,,,,,,,,,,,,,,,,
"Institute of Medical Sciences, BHU, Varansi",institute-of-medical-sciences-bhu-varansi,Central,Uttar Pradesh,Varansi,100,,,,FALSE,MBBS,,,,#0369a1,,,,,,,,,,,,,,,,,
"Jawaharlal Nehru Medical College, Aligarh",jawaharlal-nehru-medical-college-aligarh,Central,Uttar Pradesh,Aligarh,150,,,,FALSE,MBBS,,,,#0369a1,,,,,,,,,,,,,,,,,
"Armed Forces Medical College, Pune",armed-forces-medical-college-pune,AFMC,Maharashtra,Pune,150,,,,FALSE,MBBS,,,,#1a0040,,,,,,,,,,,,,,,,,
ACSR Govt Medical COllege Nellore,acsr-govt-medical-college-nellore,Government,Andhra Pradesh,,175,,,,FALSE,MBBS,,,,#15803d,,,,,,,,,,,,,,,,,
ASMC Sonebhadra,asmc-sonebhadra,Government,Uttar Pradesh,,100,,,,FALSE,MBBS,,,,#15803d,,,,,,,,,,,,,,,,,
ASSAM MEDICAL COLLEGE,assam-medical-college,Government,Assam,,250,,,,FALSE,MBBS,,,,#15803d,,,,,,,,,,,,,,,,,
AUTONOMOUS STATE MEDICAL COLLEGE AURAIYA,autonomous-state-medical-college-auraiya,Government,Uttar Pradesh,,100,,,,FALSE,MBBS,,,,#15803d,,,,,,,,,,,,,,,,,
AUTONOMOUS STATE MEDICAL COLLEGE Amethi,autonomous-state-medical-college-amethi,Government,Uttar Pradesh,,100,,,,FALSE,MBBS,,,,#15803d,,,,,,,,,,,,,,,,,
AUTONOMOUS STATE MEDICAL COLLEGE KUSHINAGAR UTTAR PRADESH,autonomous-state-medical-college-kushinagar-uttar-pradesh,Government,Uttar Pradesh,,100,,,,FALSE,MBBS,,,,#15803d,,,,,,,,,,,,,,,,,
"AUTONOMOUS STATE MEDICAL COLLEGE, KANPUR DEHAT",autonomous-state-medical-college-kanpur-dehat,Government,Uttar Pradesh,KANPUR DEHAT,100,,,,FALSE,MBBS,,,,#15803d,,,,,,,,,,,,,,,,,
Agartala Government Medical College & GBP Hospital,agartala-government-medical-college-gbp-hospital,Government,Tripura,,150,,,,FALSE,MBBS,,,,#15803d,,,,,,,,,,,,,,,,,
"Andaman & Nicobar Islands Institute of Medical Sciences, Port Blair",andaman-nicobar-islands-institute-of-medical-sciences-port-blair,Government,Andaman & Nicobar,Port Blair,114,,,,FALSE,MBBS,,,,#15803d,,,,,,,,,,,,,,,,,
"Andhra Medical College, Visakhapatnam",andhra-medical-college-visakhapatnam,Government,Andhra Pradesh,Visakhapatnam,250,,,,FALSE,MBBS,,,,#15803d,,,,,,,,,,,,,,,,,
"Anugrah Narayan Magadh Medical College, Gaya",anugrah-narayan-magadh-medical-college-gaya,Government,Bihar,Gaya,120,,,,FALSE,MBBS,,,,#15803d,,,,,,,,,,,,,,,,,
Atal Bihari Vajpayee Institute of Medical Sciences & Dr. Ram Manohar Lohia Hospi,atal-bihari-vajpayee-institute-of-medical-sciences-dr-ram-manohar-lohia-hospi,Government,Delhi,,100,,,,FALSE,MBBS,,,,#15803d,,,,,,,,,,,,,,,,,
Autonomous State Medical College Pratapgarh,autonomous-state-medical-college-pratapgarh,Government,Uttar Pradesh,,100,,,,FALSE,MBBS,,,,#15803d,,,,,,,,,,,,,,,,,
Autonomous State Medical College Society Ghazipur,autonomous-state-medical-college-society-ghazipur,Government,Uttar Pradesh,,100,,,,FALSE,MBBS,,,,#15803d,,,,,,,,,,,,,,,,,
"Autonomous State Medical College Society, Etah, Uttar Pradesh",autonomous-state-medical-college-society-etah-uttar-pradesh,Government,Uttar Pradesh,Uttar Pradesh,100,,,,FALSE,MBBS,,,,#15803d,,,,,,,,,,,,,,,,,
"Autonomous State Medical College Society, Fatehpur",autonomous-state-medical-college-society-fatehpur,Government,Uttar Pradesh,Fatehpur,100,,,,FALSE,MBBS,,,,#15803d,,,,,,,,,,,,,,,,,
"Autonomous State Medical College Society, Hardoi",autonomous-state-medical-college-society-hardoi,Government,Uttar Pradesh,Hardoi,100,,,,FALSE,MBBS,,,,#15803d,,,,,,,,,,,,,,,,,
Autonomous State Medical College kheri UP,autonomous-state-medical-college-kheri-up,Government,Uttar Pradesh,,100,,,,FALSE,MBBS,,,,#15803d,,,,,,,,,,,,,,,,,
"Autonomous State Medical College, Gonda",autonomous-state-medical-college-gonda,Government,Uttar Pradesh,Gonda,100,,,,FALSE,MBBS,,,,#15803d,,,,,,,,,,,,,,,,,
"Autonomous State Medical College, Kaushambi",autonomous-state-medical-college-kaushambi,Government,Uttar Pradesh,Kaushambi,100,,,,FALSE,MBBS,,,,#15803d,,,,,,,,,,,,,,,,,
"Autonomous State Medical College, Siddharthnagar",autonomous-state-medical-college-siddharthnagar,Government,Uttar Pradesh,Siddharthnagar,100,,,,FALSE,MBBS,,,,#15803d,,,,,,,,,,,,,,,,,
"Autonomous State Medical College, Sultanpur, UP",autonomous-state-medical-college-sultanpur-up,Government,Uttar Pradesh,UP,100,,,,FALSE,MBBS,,,,#15803d,,,,,,,,,,,,,,,,,
Autonomous State Society Medical College Mirzapur,autonomous-state-society-medical-college-mirzapur,Government,Uttar Pradesh,,100,,,,FALSE,MBBS,,,,#15803d,,,,,,,,,,,,,,,,,
Autonomous state Medical College Lalitpur,autonomous-state-medical-college-lalitpur,Government,Uttar Pradesh,,100,,,,FALSE,MBBS,,,,#15803d,,,,,,,,,,,,,,,,,
"Autonomous state medical College, pilibhit, u.p.",autonomous-state-medical-college-pilibhit-u-p,Government,Uttar Pradesh,u.p.,100,,,,FALSE,MBBS,,,,#15803d,,,,,,,,,,,,,,,,,
"B. J. Govt. Medical College, Pune",b-j-govt-medical-college-pune,Government,Maharashtra,Pune,250,,,,FALSE,MBBS,,,,#15803d,,,,,,,,,,,,,,,,,
"B.J. MEDICAL COLLEGE, AHMEDABAD",b-j-medical-college-ahmedabad,Government,Gujarat,AHMEDABAD,250,,,,FALSE,MBBS,,,,#15803d,,,,,,,,,,,,,,,,,
"BPS Government Medical College for Women, Sonepat",bps-government-medical-college-for-women-sonepat,Government,Haryana,Sonepat,120,,,,FALSE,MBBS,,,,#15803d,,,,,,,,,,,,,,,,,
"BRD Medical College, Gorakhpur",brd-medical-college-gorakhpur,Government,Uttar Pradesh,Gorakhpur,150,,,,FALSE,MBBS,,,,#15803d,,,,,,,,,,,,,,,,,
Baba Kinaram Autonomous State Medical College,baba-kinaram-autonomous-state-medical-college,Government,Uttar Pradesh,,100,,,,FALSE,MBBS,,,,#15803d,,,,,,,,,,,,,,,,,
Bangalore Medical College and Research Institute Bangalore,bangalore-medical-college-and-research-institute-bangalore,Government,Karnataka,,250,,,,FALSE,MBBS,,,,#15803d,,,,,,,,,,,,,,,,,
"Bankura Sammilani Medical College, Bankura",bankura-sammilani-medical-college-bankura,Government,West Bengal,Bankura,200,,,,FALSE,MBBS,,,,#15803d,,,,,,,,,,,,,,,,,
"Barasat Government Medical College and Hospital, Banamalipur, West Bengal",barasat-government-medical-college-and-hospital-banamalipur-west-bengal,Government,West Bengal,West Bengal,100,,,,FALSE,MBBS,,,,#15803d,,,,,,,,,,,,,,,,,
"Belagavi Institute of Medical Sciences,Belagavi, Karnataka",belagavi-institute-of-medical-sciences-belagavi-karnataka,Government,Karnataka,Karnataka,200,,,,FALSE,MBBS,,,,#15803d,,,,,,,,,,,,,,,,,
"Bhagwan Mahavir Institute of Medical Sciences, Pawapuri, Nalanda",bhagwan-mahavir-institute-of-medical-sciences-pawapuri-nalanda,Government,Bihar,Nalanda,120,,,,FALSE,MBBS,,,,#15803d,,,,,,,,,,,,,,,,,
"Bidar Institute of Medical Sciences,Bidar",bidar-institute-of-medical-sciences-bidar,Government,Karnataka,Bidar,200,,,,FALSE,MBBS,,,,#15803d,,,,,,,,,,,,,,,,,
"Bundelkhand Medical College, Sagar",bundelkhand-medical-college-sagar,Government,Madhya Pradesh,Sagar,150,,,,FALSE,MBBS,,,,#15803d,,,,,,,,,,,,,,,,,
"Burdwan Medical College, Burdwan",burdwan-medical-college-burdwan,Government,West Bengal,Burdwan,200,,,,FALSE,MBBS,,,,#15803d,,,,,,,,,,,,,,,,,
CHIKKABALLAPUR INSTITUTE OF MEDICAL SCIENCES,chikkaballapur-institute-of-medical-sciences,Government,Karnataka,,150,,,,FALSE,MBBS,,,,#15803d,,,,,,,,,,,,,,,,,
"CHIKKAMAGALURU INSTITUTE OF MEDICAL SCIENCES, KARNATAKA",chikkamagaluru-institute-of-medical-sciences-karnataka,Government,Karnataka,KARNATAKA,150,,,,FALSE,MBBS,,,,#15803d,,,,,,,,,,,,,,,,,
"Calcutta National Medical College, Kolkata",calcutta-national-medical-college-kolkata,Government,West Bengal,Kolkata,250,,,,FALSE,MBBS,,,,#15803d,,,,,,,,,,,,,,,,,
"Chamarajanagar Institute of Medical sciences, Chamarajanagar",chamarajanagar-institute-of-medical-sciences-chamarajanagar,Government,Karnataka,Chamarajanagar,150,,,,FALSE,MBBS,,,,#15803d,,,,,,,,,,,,,,,,,
"Chandulal Chandrakar Memorial Medical College, Durg",chandulal-chandrakar-memorial-medical-college-durg,Government,Chattisgarh,Durg,200,,,,FALSE,MBBS,,,,#15803d,,,,,,,,,,,,,,,,,
"Chengalpattu Medical College, Chengalpattu",chengalpattu-medical-college-chengalpattu,Government,Tamil Nadu,Chengalpattu,100,,,,FALSE,MBBS,,,,#15803d,,,,,,,,,,,,,,,,,
"Chhattisgarh Institute of Medical Sciences, Bilaspur",chhattisgarh-institute-of-medical-sciences-bilaspur,Government,Chattisgarh,Bilaspur,150,,,,FALSE,MBBS,,,,#15803d,,,,,,,,,,,,,,,,,
"Chitradurga Medical College and Research Institute, Karnataka",chitradurga-medical-college-and-research-institute-karnataka,Government,Karnataka,Karnataka,149,,,,FALSE,MBBS,,,,#15803d,,,,,,,,,,,,,,,,,
"Churachandpur Medical College, Manipur",churachandpur-medical-college-manipur,Government,Manipur,Manipur,100,,,,FALSE,MBBS,,,,#15803d,,,,,,,,,,,,,,,,,
"Coimbatore Medical College, Coimbatore",coimbatore-medical-college-coimbatore,Government,Tamil Nadu,Coimbatore,200,,,,FALSE,MBBS,,,,#15803d,,,,,,,,,,,,,,,,,
"College of Medicine and JNM Hospital,Kalyani,Nadia",college-of-medicine-and-jnm-hospital-kalyani-nadia,Government,West Bengal,Nadia,150,,,,FALSE,MBBS,,,,#15803d,,,,,,,,,,,,,,,,,
"College of Medicine and Sagore Dutta Hospital, Kolkata",college-of-medicine-and-sagore-dutta-hospital-kolkata,Government,West Bengal,Kolkata,125,,,,FALSE,MBBS,,,,#15803d,,,,,,,,,,,,,,,,,
"Coochbehar Government Medical College & Hospital, Coochbehar, WB",coochbehar-government-medical-college-hospital-coochbehar-wb,Government,West Bengal,WB,150,,,,FALSE,MBBS,,,,#15803d,,,,,,,,,,,,,,,,,
"Darbhanga Medical College, Lehriasarai",darbhanga-medical-college-lehriasarai,Government,Bihar,Lehriasarai,120,,,,FALSE,MBBS,,,,#15803d,,,,,,,,,,,,,,,,,
"Dhubri Medical College, Dhubri",dhubri-medical-college-dhubri,Government,Assam,Dhubri,100,,,,FALSE,MBBS,,,,#15803d,,,,,,,,,,,,,,,,,
"Diamond Harbour Government Medical College and Hospital, West Bengal",diamond-harbour-government-medical-college-and-hospital-west-bengal,Government,West Bengal,West Bengal,150,,,,FALSE,MBBS,,,,#15803d,,,,,,,,,,,,,,,,,
Diphu Medical College,diphu-medical-college,Government,Assam,,100,,,,FALSE,MBBS,,,,#15803d,,,,,,,,,,,,,,,,,
"Doon Medical College, Dehradun, Uttarakhand",doon-medical-college-dehradun-uttarakhand,Government,Uttarakhand,Uttarakhand,150,,,,FALSE,MBBS,,,,#15803d,,,,,,,,,,,,,,,,,
Dr B R Ambedkar State Institute of Medical Sciences,dr-b-r-ambedkar-state-institute-of-medical-sciences,Government,Punjab,,99,,,,FALSE,MBBS,,,,#15803d,,,,,,,,,,,,,,,,,
"Dr SN Medical College, Jodhpur",dr-sn-medical-college-jodhpur,Government,Rajasthan,Jodhpur,250,,,,FALSE,MBBS,,,,#15803d,,,,,,,,,,,,,,,,,
"Dr Vaishampayan Memorial Medical College, Solapur",dr-vaishampayan-memorial-medical-college-solapur,Government,Maharashtra,Solapur,200,,,,FALSE,MBBS,,,,#15803d,,,,,,,,,,,,,,,,,
"Dr. Baba Saheb Ambedkar Medical College, Rohini, Delhi",dr-baba-saheb-ambedkar-medical-college-rohini-delhi,Government,Delhi,Delhi,125,,,,FALSE,MBBS,,,,#15803d,,,,,,,,,,,,,,,,,
"Dr. Radhakrishnan Government Medical College, Hamirpur, H.P",dr-radhakrishnan-government-medical-college-hamirpur-h-p,Government,Himachal Pradesh,H.P,120,,,,FALSE,MBBS,,,,#15803d,,,,,,,,,,,,,,,,,
"Dr. Rajendar Prasad Government Medical College, Tanda, H.P",dr-rajendar-prasad-government-medical-college-tanda-h-p,Government,Himachal Pradesh,H.P,120,,,,FALSE,MBBS,,,,#15803d,,,,,,,,,,,,,,,,,
"Dr. Ram Manohar Lohia Institute of Medical Sciences,Lucknow",dr-ram-manohar-lohia-institute-of-medical-sciences-lucknow,Government,Uttar Pradesh,Lucknow,200,,,,FALSE,MBBS,,,,#15803d,,,,,,,,,,,,,,,,,
"Dr. Shankarrao Chavan Govt. Medical College, Nanded",dr-shankarrao-chavan-govt-medical-college-nanded,Government,Maharashtra,Nanded,150,,,,FALSE,MBBS,,,,#15803d,,,,,,,,,,,,,,,,,
"Dumka Medical College, Dighi Dumka",dumka-medical-college-dighi-dumka,Government,Jharkhand,Dighi Dumka,100,,,,FALSE,MBBS,,,,#15803d,,,,,,,,,,,,,,,,,
"ESIC MEDICAL COLLEGE AND HOSPITAL, Andheri",esic-medical-college-and-hospital-andheri,Government,Maharashtra,Andheri,50,,,,FALSE,MBBS,,,,#15803d,,,,,,,,,,,,,,,,,
"ESIC MEDICAL COLLEGE AND HOSPITAL, FARIDABAD",esic-medical-college-and-hospital-faridabad,Government,Haryana,FARIDABAD,150,,,,FALSE,MBBS,,,,#15803d,,,,,,,,,,,,,,,,,
"ESIC MEDICAL COLLEGE AND HOSPITAL, Noida",esic-medical-college-and-hospital-noida,Government,Uttar Pradesh,Noida,50,,,,FALSE,MBBS,,,,#15803d,,,,,,,,,,,,,,,,,
"ESIC MEDICAL COLLEGE NARODA BAPUNAGAR, AHMEDABAD",esic-medical-college-naroda-bapunagar-ahmedabad,Government,Gujarat,AHMEDABAD,50,,,,FALSE,MBBS,,,,#15803d,,,,,,,,,,,,,,,,,
"ESIC Medical College & Hospital, Basaidarapur, New Delhi",esic-medical-college-hospital-basaidarapur-new-delhi,Government,Delhi,New Delhi,50,,,,FALSE,MBBS,,,,#15803d,,,,,,,,,,,,,,,,,
"ESIC Medical College & Hospital, Jaipur (Rajasthan)",esic-medical-college-hospital-jaipur-rajasthan,Government,Rajasthan,Jaipur (Rajasthan),50,,,,FALSE,MBBS,,,,#15803d,,,,,,,,,,,,,,,,,
"ESIC Medical College & Hospital, K.K.Nagar, Chennai",esic-medical-college-hospital-k-k-nagar-chennai,Government,Tamil Nadu,Chennai,150,,,,FALSE,MBBS,,,,#15803d,,,,,,,,,,,,,,,,,
ESIC Medical College Ludhiana,esic-medical-college-ludhiana,Government,Punjab,,50,,,,FALSE,MBBS,,,,#15803d,,,,,,,,,,,,,,,,,
"ESIC Medical College and Hospital, Alwar, Rajasthan",esic-medical-college-and-hospital-alwar-rajasthan,Government,Rajasthan,Rajasthan,100,,,,FALSE,MBBS,,,,#15803d,,,,,,,,,,,,,,,,,
"ESIC Medical College and Hospital, Beltola",esic-medical-college-and-hospital-beltola,Government,Assam,Beltola,50,,,,FALSE,MBBS,,,,#15803d,,,,,,,,,,,,,,,,,
"ESIC Medical College and Hospital, Indore, M.P.",esic-medical-college-and-hospital-indore-m-p,Government,Madhya Pradesh,M.P.,50,,,,FALSE,MBBS,,,,#15803d,,,,,,,,,,,,,,,,,
"ESIC Medical College and Hospital, varanasi",esic-medical-college-and-hospital-varanasi,Government,Uttar Pradesh,varanasi,50,,,,FALSE,MBBS,,,,#15803d,,,,,,,,,,,,,,,,,
"Employees State Insurance Coporation Medical College, Sanath Nagar, Hyderabad",employees-state-insurance-coporation-medical-college-sanath-nagar-hyderabad,Government,Telangana,Hyderabad,150,,,,FALSE,MBBS,,,,#15803d,,,,,,,,,,,,,,,,,
"Employees State Insurance Corporation Medical College, Bangalore",employees-state-insurance-corporation-medical-college-bangalore,Government,Karnataka,Bangalore,150,,,,FALSE,MBBS,,,,#15803d,,,,,,,,,,,,,,,,,
"Employees State Insurance Corporation Medical College, Bihta, Patna",employees-state-insurance-corporation-medical-college-bihta-patna,Government,Bihar,Patna,100,,,,FALSE,MBBS,,,,#15803d,,,,,,,,,,,,,,,,,
"Employees State Insurance Corporation Medical College, Joka, Kolkata",employees-state-insurance-corporation-medical-college-joka-kolkata,Government,West Bengal,Kolkata,150,,,,FALSE,MBBS,,,,#15803d,,,,,,,,,,,,,,,,,
"Employees State Insurance Corporation Medical College, Kalaburagi, Gulbarga",employees-state-insurance-corporation-medical-college-kalaburagi-gulbarga,Government,Karnataka,Gulbarga,150,,,,FALSE,MBBS,,,,#15803d,,,,,,,,,,,,,,,,,
Fakhruddin Ali Ahmed Medical College,fakhruddin-ali-ahmed-medical-college,Government,Assam,,125,,,,FALSE,MBBS,,,,#15803d,,,,,,,,,,,,,,,,,
"GMERS MEDICAL COLLEGE, NAVSARI",gmers-medical-college-navsari,Government,Gujarat,NAVSARI,100,,,,FALSE,MBBS,,,,#15803d,,,,,,,,,,,,,,,,,
GMERS Medical College Morbi,gmers-medical-college-morbi,Government,Gujarat,,100,,,,FALSE,MBBS,,,,#15803d,,,,,,,,,,,,,,,,,
GMERS Medical College Panchmahal Godhra,gmers-medical-college-panchmahal-godhra,Government,Gujarat,,100,,,,FALSE,MBBS,,,,#15803d,,,,,,,,,,,,,,,,,
"GMERS Medical College, Porbandar",gmers-medical-college-porbandar,Government,Gujarat,Porbandar,100,,,,FALSE,MBBS,,,,#15803d,,,,,,,,,,,,,,,,,
"GMERS Medical College, Rajpipla",gmers-medical-college-rajpipla,Government,Gujarat,Rajpipla,100,,,,FALSE,MBBS,,,,#15803d,,,,,,,,,,,,,,,,,
"GOVERMENT MEDICAL COLLEGE, SHEOPUR",goverment-medical-college-sheopur,Government,Madhya Pradesh,SHEOPUR,100,,,,FALSE,MBBS,,,,#15803d,,,,,,,,,,,,,,,,,
GOVERNMENT MEDICAL COLLEGE & HOSPITAL AMRAVATI,government-medical-college-hospital-amravati,Government,Maharashtra,,100,,,,FALSE,MBBS,,,,#15803d,,,,,,,,,,,,,,,,,
"GOVERNMENT MEDICAL COLLEGE AND DISTRICT GENERAL HOSPITAL,RATNAGIRI, MAHARASHTRA",government-medical-college-and-district-general-hospital-ratnagiri-maharashtra,Government,Maharashtra,MAHARASHTRA,100,,,,FALSE,MBBS,,,,#15803d,,,,,,,,,,,,,,,,,
GOVERNMENT MEDICAL COLLEGE AND HOSPITAL  SUNDARGARH,government-medical-college-and-hospital-sundargarh,Government,Odisha,,100,,,,FALSE,MBBS,,,,#15803d,,,,,,,,,,,,,,,,,
GOVERNMENT MEDICAL COLLEGE DAUSA,government-medical-college-dausa,Government,Rajasthan,,100,,,,FALSE,MBBS,,,,#15803d,,,,,,,,,,,,,,,,,
GOVERNMENT MEDICAL COLLEGE HANDWARA,government-medical-college-handwara,Government,Jammu & Kashmir,,100,,,,FALSE,MBBS,,,,#15803d,,,,,,,,,,,,,,,,,
GOVERNMENT MEDICAL COLLEGE JHUNJHUNU,government-medical-college-jhunjhunu,Government,Rajasthan,,100,,,,FALSE,MBBS,,,,#15803d,,,,,,,,,,,,,,,,,
"GOVERNMENT MEDICAL COLLEGE KHAMMAM, TELANGANA",government-medical-college-khammam-telangana,Government,Telangana,TELANGANA,100,,,,FALSE,MBBS,,,,#15803d,,,,,,,,,,,,,,,,,
"GOVERNMENT MEDICAL COLLEGE KONNI, PATHANAMTHITTA",government-medical-college-konni-pathanamthitta,Government,Kerala,PATHANAMTHITTA,100,,,,FALSE,MBBS,,,,#15803d,,,,,,,,,,,,,,,,,
GOVERNMENT MEDICAL COLLEGE MACHILIPATNAM,government-medical-college-machilipatnam,Government,Andhra Pradesh,,150,,,,FALSE,MBBS,,,,#15803d,,,,,,,,,,,,,,,,,
GOVERNMENT MEDICAL COLLEGE MANCHERIAL,government-medical-college-mancherial,Government,Telangana,,100,,,,FALSE,MBBS,,,,#15803d,,,,,,,,,,,,,,,,,
GOVERNMENT MEDICAL COLLEGE RAJAMAHENDRAVARAM ANDHRA PRADESH,government-medical-college-rajamahendravaram-andhra-pradesh,Government,Andhra Pradesh,,150,,,,FALSE,MBBS,,,,#15803d,,,,,,,,,,,,,,,,,
GOVERNMENT MEDICAL COLLEGE SINGRAULI,government-medical-college-singrauli,Government,Madhya Pradesh,,100,,,,FALSE,MBBS,,,,#15803d,,,,,,,,,,,,,,,,,
GOVERNMENT MEDICAL COLLEGE SRI GANGANAGAR,government-medical-college-sri-ganganagar,Government,Rajasthan,,100,,,,FALSE,MBBS,,,,#15803d,,,,,,,,,,,,,,,,,
"GOVERNMENT MEDICAL COLLEGE, ALWAR",government-medical-college-alwar,Government,Rajasthan,ALWAR,100,,,,FALSE,MBBS,,,,#15803d,,,,,,,,,,,,,,,,,
"GOVERNMENT MEDICAL COLLEGE, ELURU, AP",government-medical-college-eluru-ap,Government,Andhra Pradesh,AP,150,,,,FALSE,MBBS,,,,#15803d,,,,,,,,,,,,,,,,,
"GOVERNMENT MEDICAL COLLEGE, HANUMANGARH, RAJASTHAN",government-medical-college-hanumangarh-rajasthan,Government,Rajasthan,RAJASTHAN,100,,,,FALSE,MBBS,,,,#15803d,,,,,,,,,,,,,,,,,
"GOVERNMENT MEDICAL COLLEGE, KAMAREDDY, TELANGANA",government-medical-college-kamareddy-telangana,Government,Telangana,TELANGANA,100,,,,FALSE,MBBS,,,,#15803d,,,,,,,,,,,,,,,,,
"GOVERNMENT MEDICAL COLLEGE, KODANGAL, TELANGANA",government-medical-college-kodangal-telangana,Government,Telangana,TELANGANA,50,,,,FALSE,MBBS,,,,#15803d,,,,,,,,,,,,,,,,,
"GOVERNMENT MEDICAL COLLEGE, KUMURAM BHEEM ASIFABAD, TELANGANA",government-medical-college-kumuram-bheem-asifabad-telangana,Government,Telangana,TELANGANA,100,,,,FALSE,MBBS,,,,#15803d,,,,,,,,,,,,,,,,,
"GOVERNMENT MEDICAL COLLEGE, MAHABUBNAGAR",government-medical-college-mahabubnagar,Government,Telangana,MAHABUBNAGAR,175,,,,FALSE,MBBS,,,,#15803d,,,,,,,,,,,,,,,,,
"GOVERNMENT MEDICAL COLLEGE, NAGARKURNOOL",government-medical-college-nagarkurnool,Government,Telangana,NAGARKURNOOL,150,,,,FALSE,MBBS,,,,#15803d,,,,,,,,,,,,,,,,,
"GOVERNMENT MEDICAL COLLEGE, NIRMAL",government-medical-college-nirmal,Government,Telangana,NIRMAL,100,,,,FALSE,MBBS,,,,#15803d,,,,,,,,,,,,,,,,,
"GOVERNMENT MEDICAL COLLEGE, PARBHANI",government-medical-college-parbhani,Government,Maharashtra,PARBHANI,100,,,,FALSE,MBBS,,,,#15803d,,,,,,,,,,,,,,,,,
"GOVERNMENT MEDICAL COLLEGE, RAJANNA SIRCILLA, TELANGANA",government-medical-college-rajanna-sircilla-telangana,Government,Telangana,TELANGANA,100,,,,FALSE,MBBS,,,,#15803d,,,,,,,,,,,,,,,,,
"GOVERNMENT MEDICAL COLLEGE, SINDHUDURG",government-medical-college-sindhudurg,Government,Maharashtra,SINDHUDURG,100,,,,FALSE,MBBS,,,,#15803d,,,,,,,,,,,,,,,,,
GOVERNMENT MEDICAL COLLEGE- VIZIANAGARAM,government-medical-college-vizianagaram,Government,Andhra Pradesh,,150,,,,FALSE,MBBS,,,,#15803d,,,,,,,,,,,,,,,,,
"GOVT MEDICAL COLLEGE, NAGAUR",govt-medical-college-nagaur,Government,Rajasthan,NAGAUR,100,,,,FALSE,MBBS,,,,#15803d,,,,,,,,,,,,,,,,,
GOVT. MEDICAL COLLEGE KATHUA,govt-medical-college-kathua,Government,Jammu & Kashmir,,150,,,,FALSE,MBBS,,,,#15803d,,,,,,,,,,,,,,,,,
"GSVM Medical College, Kanpur",gsvm-medical-college-kanpur,Government,Uttar Pradesh,Kanpur,250,,,,FALSE,MBBS,,,,#15803d,,,,,,,,,,,,,,,,,
"Gadag Institute of Medical Sciences, Mallasamudra, Gadag",gadag-institute-of-medical-sciences-mallasamudra-gadag,Government,Karnataka,Gadag,150,,,,FALSE,MBBS,,,,#15803d,,,,,,,,,,,,,,,,,
"Gajra Raja Medical College, Gwalior",gajra-raja-medical-college-gwalior,Government,Madhya Pradesh,Gwalior,200,,,,FALSE,MBBS,,,,#15803d,,,,,,,,,,,,,,,,,
Gandhi Medical College Secunderabad,gandhi-medical-college-secunderabad,Government,Telangana,,250,,,,FALSE,MBBS,,,,#15803d,,,,,,,,,,,,,,,,,
"Gandhi Medical College, Bhopal",gandhi-medical-college-bhopal,Government,Madhya Pradesh,Bhopal,250,,,,FALSE,MBBS,,,,#15803d,,,,,,,,,,,,,,,,,
"Gauhati Medical College, Guwahati",gauhati-medical-college-guwahati,Government,Assam,Guwahati,250,,,,FALSE,MBBS,,,,#15803d,,,,,,,,,,,,,,,,,
"Goa Medical College, Panaji",goa-medical-college-panaji,Government,Goa,Panaji,200,,,,FALSE,MBBS,,,,#15803d,,,,,,,,,,,,,,,,,
"Goverment Medical College, Kadapa",goverment-medical-college-kadapa,Government,Andhra Pradesh,Kadapa,175,,,,FALSE,MBBS,,,,#15803d,,,,,,,,,,,,,,,,,
"Government Allopathic Medical College, Banda, UP",government-allopathic-medical-college-banda-up,Government,Uttar Pradesh,UP,100,,,,FALSE,MBBS,,,,#15803d,,,,,,,,,,,,,,,,,
"Government Dharmapuri Medical College, Dharmapuri",government-dharmapuri-medical-college-dharmapuri,Government,Tamil Nadu,Dharmapuri,100,,,,FALSE,MBBS,,,,#15803d,,,,,,,,,,,,,,,,,
"Government Erode Medical College & Hospital, Perundurai (Formerly IRT Perundurai",government-erode-medical-college-hospital-perundurai-formerly-irt-perundurai,Government,Tamil Nadu,Perundurai (Formerly IRT Perundurai,100,,,,FALSE,MBBS,,,,#15803d,,,,,,,,,,,,,,,,,
"Government Institute of Medical Sciences , Greater Noida",government-institute-of-medical-sciences-greater-noida,Government,Uttar Pradesh,Greater Noida,100,,,,FALSE,MBBS,,,,#15803d,,,,,,,,,,,,,,,,,
"Government Medical College & ESIC Hospital, Coimbatore, TamilNadu",government-medical-college-esic-hospital-coimbatore-tamilnadu,Government,Tamil Nadu,TamilNadu,100,,,,FALSE,MBBS,,,,#15803d,,,,,,,,,,,,,,,,,
Government Medical College & Hospital (Renamed as Bhima Bhoi Medical College & H,government-medical-college-hospital-renamed-as-bhima-bhoi-medical-college-h,Government,Odisha,,100,,,,FALSE,MBBS,,,,#15803d,,,,,,,,,,,,,,,,,
Government Medical College & Hospital (Renamed as Fakir Mohan Medical College &,government-medical-college-hospital-renamed-as-fakir-mohan-medical-college,Government,Odisha,,100,,,,FALSE,MBBS,,,,#15803d,,,,,,,,,,,,,,,,,
"Government Medical College & Hospital, Baramati",government-medical-college-hospital-baramati,Government,Maharashtra,Baramati,100,,,,FALSE,MBBS,,,,#15803d,,,,,,,,,,,,,,,,,
"Government Medical College & Super facility Hospital, Azamgarh",government-medical-college-super-facility-hospital-azamgarh,Government,Uttar Pradesh,Azamgarh,100,,,,FALSE,MBBS,,,,#15803d,,,,,,,,,,,,,,,,,
Government Medical College (Bharat Ratna Shri Atal Bihari Vajpyee Memorial Med.,government-medical-college-bharat-ratna-shri-atal-bihari-vajpyee-memorial-med,Government,Chattisgarh,,125,,,,FALSE,MBBS,,,,#15803d,,,,,,,,,,,,,,,,,
"Government Medical College (Institute of Integrated Medical Sciences), Yakkara,",government-medical-college-institute-of-integrated-medical-sciences-yakkara,Government,Kerala,,100,,,,FALSE,MBBS,,,,#15803d,,,,,,,,,,,,,,,,,
"Government Medical College (Prev.Uttarakhand Forest Hospital Trust Med.Col.), Ha",government-medical-college-prev-uttarakhand-forest-hospital-trust-med-col-ha,Government,Uttarakhand,Ha,125,,,,FALSE,MBBS,,,,#15803d,,,,,,,,,,,,,,,,,
"Government Medical College ,Tiruppur",government-medical-college-tiruppur,Government,Tamil Nadu,Tiruppur,100,,,,FALSE,MBBS,,,,#15803d,,,,,,,,,,,,,,,,,
Government Medical College Ambernath,government-medical-college-ambernath,Government,Maharashtra,,100,,,,FALSE,MBBS,,,,#15803d,,,,,,,,,,,,,,,,,
Government Medical College Banswara,government-medical-college-banswara,Government,Rajasthan,,100,,,,FALSE,MBBS,,,,#15803d,,,,,,,,,,,,,,,,,
Government Medical College Baran,government-medical-college-baran,Government,Rajasthan,,100,,,,FALSE,MBBS,,,,#15803d,,,,,,,,,,,,,,,,,
Government Medical College Bhadradri Kothagudem,government-medical-college-bhadradri-kothagudem,Government,Telangana,,150,,,,FALSE,MBBS,,,,#15803d,,,,,,,,,,,,,,,,,
Government Medical College Buldhana,government-medical-college-buldhana,Government,Maharashtra,,100,,,,FALSE,MBBS,,,,#15803d,,,,,,,,,,,,,,,,,
Government Medical College Chittorgarh,government-medical-college-chittorgarh,Government,Rajasthan,,100,,,,FALSE,MBBS,,,,#15803d,,,,,,,,,,,,,,,,,
Government Medical College Idukki,government-medical-college-idukki,Government,Kerala,,100,,,,FALSE,MBBS,,,,#15803d,,,,,,,,,,,,,,,,,
Government Medical College Jalna,government-medical-college-jalna,Government,Maharashtra,,100,,,,FALSE,MBBS,,,,#15803d,,,,,,,,,,,,,,,,,
Government Medical College Kallakurichi,government-medical-college-kallakurichi,Government,Tamil Nadu,,150,,,,FALSE,MBBS,,,,#15803d,,,,,,,,,,,,,,,,,
Government Medical College Kasaragod,government-medical-college-kasaragod,Government,Kerala,,50,,,,FALSE,MBBS,,,,#15803d,,,,,,,,,,,,,,,,,
Government Medical College Krishnagiri,government-medical-college-krishnagiri,Government,Tamil Nadu,,150,,,,FALSE,MBBS,,,,#15803d,,,,,,,,,,,,,,,,,
Government Medical College Nagapattinam,government-medical-college-nagapattinam,Government,Tamil Nadu,,150,,,,FALSE,MBBS,,,,#15803d,,,,,,,,,,,,,,,,,
"Government Medical College Phulbani, Kandhamal",government-medical-college-phulbani-kandhamal,Government,Odisha,Kandhamal,100,,,,FALSE,MBBS,,,,#15803d,,,,,,,,,,,,,,,,,
Government Medical College Purnea,government-medical-college-purnea,Government,Bihar,,100,,,,FALSE,MBBS,,,,#15803d,,,,,,,,,,,,,,,,,
Government Medical College Ramagundam,government-medical-college-ramagundam,Government,Telangana,,150,,,,FALSE,MBBS,,,,#15803d,,,,,,,,,,,,,,,,,
Government Medical College Ramanathapuram,government-medical-college-ramanathapuram,Government,Tamil Nadu,,100,,,,FALSE,MBBS,,,,#15803d,,,,,,,,,,,,,,,,,
Government Medical College Sangareddy Telangana,government-medical-college-sangareddy-telangana,Government,Telangana,,150,,,,FALSE,MBBS,,,,#15803d,,,,,,,,,,,,,,,,,
Government Medical College Satna,government-medical-college-satna,Government,Madhya Pradesh,,150,,,,FALSE,MBBS,,,,#15803d,,,,,,,,,,,,,,,,,
Government Medical College Seoni,government-medical-college-seoni,Government,Madhya Pradesh,,100,,,,FALSE,MBBS,,,,#15803d,,,,,,,,,,,,,,,,,
Government Medical College Srikakulam,government-medical-college-srikakulam,Government,Andhra Pradesh,,200,,,,FALSE,MBBS,,,,#15803d,,,,,,,,,,,,,,,,,
Government Medical College Washim,government-medical-college-washim,Government,Maharashtra,,100,,,,FALSE,MBBS,,,,#15803d,,,,,,,,,,,,,,,,,
"Government Medical College and Hospital, Osmanabad",government-medical-college-and-hospital-osmanabad,Government,Maharashtra,Osmanabad,100,,,,FALSE,MBBS,,,,#15803d,,,,,,,,,,,,,,,,,
"Government Medical College and Hospital, Satara, 467, Sadar Bazar Camp, Satara p",government-medical-college-and-hospital-satara-467-sadar-bazar-camp-satara-p,Government,Maharashtra,Satara p,100,,,,FALSE,MBBS,,,,#15803d,,,,,,,,,,,,,,,,,
"Government Medical College and Hospitals, Mumbai",government-medical-college-and-hospitals-mumbai,Government,Maharashtra,Mumbai,50,,,,FALSE,MBBS,,,,#15803d,,,,,,,,,,,,,,,,,
"Government Medical College, Akola",government-medical-college-akola,Government,Maharashtra,Akola,200,,,,FALSE,MBBS,,,,#15803d,,,,,,,,,,,,,,,,,
"Government Medical College, Alibag",government-medical-college-alibag,Government,Maharashtra,Alibag,100,,,,FALSE,MBBS,,,,#15803d,,,,,,,,,,,,,,,,,
"Government Medical College, Ambikapur (Surguja), Chhattisgarh",government-medical-college-ambikapur-surguja-chhattisgarh,Government,Chattisgarh,Chhattisgarh,125,,,,FALSE,MBBS,,,,#15803d,,,,,,,,,,,,,,,,,
"Government Medical College, Amritsar",government-medical-college-amritsar,Government,Punjab,Amritsar,250,,,,FALSE,MBBS,,,,#15803d,,,,,,,,,,,,,,,,,
"Government Medical College, Anantapuramu",government-medical-college-anantapuramu,Government,Andhra Pradesh,Anantapuramu,200,,,,FALSE,MBBS,,,,#15803d,,,,,,,,,,,,,,,,,
"Government Medical College, Anantnag",government-medical-college-anantnag,Government,Jammu & Kashmir,Anantnag,150,,,,FALSE,MBBS,,,,#15803d,,,,,,,,,,,,,,,,,
"Government Medical College, Aurangabad",government-medical-college-aurangabad,Government,Maharashtra,Aurangabad,200,,,,FALSE,MBBS,,,,#15803d,,,,,,,,,,,,,,,,,
"Government Medical College, Badaun, U.P.",government-medical-college-badaun-u-p,Government,Uttar Pradesh,U.P.,100,,,,FALSE,MBBS,,,,#15803d,,,,,,,,,,,,,,,,,
"Government Medical College, Baramulla",government-medical-college-baramulla,Government,Jammu & Kashmir,Baramulla,150,,,,FALSE,MBBS,,,,#15803d,,,,,,,,,,,,,,,,,
"Government Medical College, Barmer",government-medical-college-barmer,Government,Rajasthan,Barmer,130,,,,FALSE,MBBS,,,,#15803d,,,,,,,,,,,,,,,,,
"Government Medical College, Bettiah",government-medical-college-bettiah,Government,Bihar,Bettiah,120,,,,FALSE,MBBS,,,,#15803d,,,,,,,,,,,,,,,,,
"Government Medical College, Bhandara",government-medical-college-bhandara,Government,Maharashtra,Bhandara,100,,,,FALSE,MBBS,,,,#15803d,,,,,,,,,,,,,,,,,
"Government Medical College, Bharatpur, Rajasthan",government-medical-college-bharatpur-rajasthan,Government,Rajasthan,Rajasthan,150,,,,FALSE,MBBS,,,,#15803d,,,,,,,,,,,,,,,,,
"Government Medical College, Bhavnagar, Gujarat",government-medical-college-bhavnagar-gujarat,Government,Gujarat,Gujarat,200,,,,FALSE,MBBS,,,,#15803d,,,,,,,,,,,,,,,,,
"Government Medical College, Bhilwara, Rajasthan",government-medical-college-bhilwara-rajasthan,Government,Rajasthan,Rajasthan,150,,,,FALSE,MBBS,,,,#15803d,,,,,,,,,,,,,,,,,
"Government Medical College, Bundi, Rajasthan",government-medical-college-bundi-rajasthan,Government,Rajasthan,Rajasthan,100,,,,FALSE,MBBS,,,,#15803d,,,,,,,,,,,,,,,,,
"Government Medical College, Chandigarh",government-medical-college-chandigarh,Government,Chandigarh,Chandigarh,150,,,,FALSE,MBBS,,,,#15803d,,,,,,,,,,,,,,,,,
"Government Medical College, Chandrapur",government-medical-college-chandrapur,Government,Maharashtra,Chandrapur,150,,,,FALSE,MBBS,,,,#15803d,,,,,,,,,,,,,,,,,
"Government Medical College, Chhindwara, MP",government-medical-college-chhindwara-mp,Government,Madhya Pradesh,MP,150,,,,FALSE,MBBS,,,,#15803d,,,,,,,,,,,,,,,,,
"Government Medical College, Churu",government-medical-college-churu,Government,Rajasthan,Churu,150,,,,FALSE,MBBS,,,,#15803d,,,,,,,,,,,,,,,,,
"Government Medical College, Datia, MP",government-medical-college-datia-mp,Government,Madhya Pradesh,MP,120,,,,FALSE,MBBS,,,,#15803d,,,,,,,,,,,,,,,,,
"Government Medical College, Dholpur",government-medical-college-dholpur,Government,Rajasthan,Dholpur,100,,,,FALSE,MBBS,,,,#15803d,,,,,,,,,,,,,,,,,
"Government Medical College, Dungarpur",government-medical-college-dungarpur,Government,Rajasthan,Dungarpur,150,,,,FALSE,MBBS,,,,#15803d,,,,,,,,,,,,,,,,,
"Government Medical College, Ernakulam",government-medical-college-ernakulam,Government,Kerala,Ernakulam,110,,,,FALSE,MBBS,,,,#15803d,,,,,,,,,,,,,,,,,
"Government Medical College, Faizabad",government-medical-college-faizabad,Government,Uttar Pradesh,Faizabad,100,,,,FALSE,MBBS,,,,#15803d,,,,,,,,,,,,,,,,,
"Government Medical College, Firozabad",government-medical-college-firozabad,Government,Uttar Pradesh,Firozabad,100,,,,FALSE,MBBS,,,,#15803d,,,,,,,,,,,,,,,,,
"Government Medical College, Gadchiroli",government-medical-college-gadchiroli,Government,Maharashtra,Gadchiroli,100,,,,FALSE,MBBS,,,,#15803d,,,,,,,,,,,,,,,,,
"Government Medical College, Gondia",government-medical-college-gondia,Government,Maharashtra,Gondia,150,,,,FALSE,MBBS,,,,#15803d,,,,,,,,,,,,,,,,,
"Government Medical College, Hingoli",government-medical-college-hingoli,Government,Maharashtra,Hingoli,100,,,,FALSE,MBBS,,,,#15803d,,,,,,,,,,,,,,,,,
"Government Medical College, Jaisalmer",government-medical-college-jaisalmer,Government,Rajasthan,Jaisalmer,50,,,,FALSE,MBBS,,,,#15803d,,,,,,,,,,,,,,,,,
"Government Medical College, Jalgaon",government-medical-college-jalgaon,Government,Maharashtra,Jalgaon,150,,,,FALSE,MBBS,,,,#15803d,,,,,,,,,,,,,,,,,
"Government Medical College, Jammu",government-medical-college-jammu,Government,Jammu & Kashmir,Jammu,201,,,,FALSE,MBBS,,,,#15803d,,,,,,,,,,,,,,,,,
"Government Medical College, Jangaon, Telangana",government-medical-college-jangaon-telangana,Government,Telangana,Telangana,100,,,,FALSE,MBBS,,,,#15803d,,,,,,,,,,,,,,,,,
"Government Medical College, Jayashnakar Bhupalpally, Telangana",government-medical-college-jayashnakar-bhupalpally-telangana,Government,Telangana,Telangana,100,,,,FALSE,MBBS,,,,#15803d,,,,,,,,,,,,,,,,,
"Government Medical College, Jogulamba Gadwal",government-medical-college-jogulamba-gadwal,Government,Telangana,Jogulamba Gadwal,50,,,,FALSE,MBBS,,,,#15803d,,,,,,,,,,,,,,,,,
"Government Medical College, Kanker",government-medical-college-kanker,Government,Chattisgarh,Kanker,125,,,,FALSE,MBBS,,,,#15803d,,,,,,,,,,,,,,,,,
"Government Medical College, Kannauj",government-medical-college-kannauj,Government,Uttar Pradesh,Kannauj,100,,,,FALSE,MBBS,,,,#15803d,,,,,,,,,,,,,,,,,
"Government Medical College, Karauli",government-medical-college-karauli,Government,Rajasthan,Karauli,100,,,,FALSE,MBBS,,,,#15803d,,,,,,,,,,,,,,,,,
"Government Medical College, Karimnagar, Telangana",government-medical-college-karimnagar-telangana,Government,Telangana,Telangana,100,,,,FALSE,MBBS,,,,#15803d,,,,,,,,,,,,,,,,,
"Government Medical College, Karur",government-medical-college-karur,Government,Tamil Nadu,Karur,150,,,,FALSE,MBBS,,,,#15803d,,,,,,,,,,,,,,,,,
"Government Medical College, Keonjhar",government-medical-college-keonjhar,Government,Odisha,Keonjhar,100,,,,FALSE,MBBS,,,,#15803d,,,,,,,,,,,,,,,,,
"Government Medical College, Khandwa, MP",government-medical-college-khandwa-mp,Government,Madhya Pradesh,MP,120,,,,FALSE,MBBS,,,,#15803d,,,,,,,,,,,,,,,,,
"Government Medical College, Kota",government-medical-college-kota,Government,Rajasthan,Kota,250,,,,FALSE,MBBS,,,,#15803d,,,,,,,,,,,,,,,,,
"Government Medical College, Kottayam",government-medical-college-kottayam,Government,Kerala,Kottayam,175,,,,FALSE,MBBS,,,,#15803d,,,,,,,,,,,,,,,,,
"Government Medical College, Kozhikode, Calicut",government-medical-college-kozhikode-calicut,Government,Kerala,Calicut,250,,,,FALSE,MBBS,,,,#15803d,,,,,,,,,,,,,,,,,
"Government Medical College, Latur",government-medical-college-latur,Government,Maharashtra,Latur,150,,,,FALSE,MBBS,,,,#15803d,,,,,,,,,,,,,,,,,
"Government Medical College, Mahabubabad, Telangana",government-medical-college-mahabubabad-telangana,Government,Telangana,Telangana,150,,,,FALSE,MBBS,,,,#15803d,,,,,,,,,,,,,,,,,
"Government Medical College, Maheshwaram",government-medical-college-maheshwaram,Government,Telangana,Maheshwaram,50,,,,FALSE,MBBS,,,,#15803d,,,,,,,,,,,,,,,,,
"Government Medical College, Manjeri, Malapuram Dist.",government-medical-college-manjeri-malapuram-dist,Government,Kerala,Malapuram Dist.,110,,,,FALSE,MBBS,,,,#15803d,,,,,,,,,,,,,,,,,
"Government Medical College, Medak",government-medical-college-medak,Government,Telangana,Medak,50,,,,FALSE,MBBS,,,,#15803d,,,,,,,,,,,,,,,,,
"Government Medical College, Miraj",government-medical-college-miraj,Government,Maharashtra,Miraj,200,,,,FALSE,MBBS,,,,#15803d,,,,,,,,,,,,,,,,,
"Government Medical College, Mulugu",government-medical-college-mulugu,Government,Telangana,Mulugu,50,,,,FALSE,MBBS,,,,#15803d,,,,,,,,,,,,,,,,,
"Government Medical College, Nagpur",government-medical-college-nagpur,Government,Maharashtra,Nagpur,250,,,,FALSE,MBBS,,,,#15803d,,,,,,,,,,,,,,,,,
"Government Medical College, Nahan, Sirmour H.P.",government-medical-college-nahan-sirmour-h-p,Government,Himachal Pradesh,Sirmour H.P.,120,,,,FALSE,MBBS,,,,#15803d,,,,,,,,,,,,,,,,,
"Government Medical College, Nalgonda",government-medical-college-nalgonda,Government,Telangana,Nalgonda,150,,,,FALSE,MBBS,,,,#15803d,,,,,,,,,,,,,,,,,
"Government Medical College, Namakkal",government-medical-college-namakkal,Government,Tamil Nadu,Namakkal,100,,,,FALSE,MBBS,,,,#15803d,,,,,,,,,,,,,,,,,
"Government Medical College, Nandurbar",government-medical-college-nandurbar,Government,Maharashtra,Nandurbar,100,,,,FALSE,MBBS,,,,#15803d,,,,,,,,,,,,,,,,,
"Government Medical College, Narayanpet",government-medical-college-narayanpet,Government,Telangana,Narayanpet,50,,,,FALSE,MBBS,,,,#15803d,,,,,,,,,,,,,,,,,
"Government Medical College, Narsampet",government-medical-college-narsampet,Government,Telangana,Narsampet,50,,,,FALSE,MBBS,,,,#15803d,,,,,,,,,,,,,,,,,
"Government Medical College, Nashik and Maharashtra Post Graduate Institute of Me",government-medical-college-nashik-and-maharashtra-post-graduate-institute-of-me,Government,Maharashtra,Nashik and Maharashtra Post Graduate Institute of Me,50,,,,FALSE,MBBS,,,,#15803d,,,,,,,,,,,,,,,,,
"Government Medical College, Nizamabad",government-medical-college-nizamabad,Government,Telangana,Nizamabad,120,,,,FALSE,MBBS,,,,#15803d,,,,,,,,,,,,,,,,,
"Government Medical College, Omandurar",government-medical-college-omandurar,Government,Tamil Nadu,Omandurar,100,,,,FALSE,MBBS,,,,#15803d,,,,,,,,,,,,,,,,,
"Government Medical College, Paderu, Visakhapatnam, AP",government-medical-college-paderu-visakhapatnam-ap,Government,Andhra Pradesh,AP,50,,,,FALSE,MBBS,,,,#15803d,,,,,,,,,,,,,,,,,
"Government Medical College, Pali, Rajasthan",government-medical-college-pali-rajasthan,Government,Rajasthan,Rajasthan,150,,,,FALSE,MBBS,,,,#15803d,,,,,,,,,,,,,,,,,
"Government Medical College, Parippally, Kollam",government-medical-college-parippally-kollam,Government,Kerala,Kollam,110,,,,FALSE,MBBS,,,,#15803d,,,,,,,,,,,,,,,,,
"Government Medical College, Patiala",government-medical-college-patiala,Government,Punjab,Patiala,250,,,,FALSE,MBBS,,,,#15803d,,,,,,,,,,,,,,,,,
"Government Medical College, Pudukottai, Tamil Nadu",government-medical-college-pudukottai-tamil-nadu,Government,Tamil Nadu,Tamil Nadu,150,,,,FALSE,MBBS,,,,#15803d,,,,,,,,,,,,,,,,,
"Government Medical College, Qutbullapur",government-medical-college-qutbullapur,Government,Telangana,Qutbullapur,50,,,,FALSE,MBBS,,,,#15803d,,,,,,,,,,,,,,,,,
"Government Medical College, Rajouri, J&K",government-medical-college-rajouri-j-k,Government,Jammu & Kashmir,J&K,100,,,,FALSE,MBBS,,,,#15803d,,,,,,,,,,,,,,,,,
"Government Medical College, Rampur, Basti",government-medical-college-rampur-basti,Government,Uttar Pradesh,Basti,100,,,,FALSE,MBBS,,,,#15803d,,,,,,,,,,,,,,,,,
"Government Medical College, Ratlam",government-medical-college-ratlam,Government,Madhya Pradesh,Ratlam,180,,,,FALSE,MBBS,,,,#15803d,,,,,,,,,,,,,,,,,
"Government Medical College, Shahdol, MP",government-medical-college-shahdol-mp,Government,Madhya Pradesh,MP,100,,,,FALSE,MBBS,,,,#15803d,,,,,,,,,,,,,,,,,
"Government Medical College, Shahjahanpur, UP",government-medical-college-shahjahanpur-up,Government,Uttar Pradesh,UP,100,,,,FALSE,MBBS,,,,#15803d,,,,,,,,,,,,,,,,,
"Government Medical College, Shivpuri",government-medical-college-shivpuri,Government,Madhya Pradesh,Shivpuri,100,,,,FALSE,MBBS,,,,#15803d,,,,,,,,,,,,,,,,,
"Government Medical College, Siddipet",government-medical-college-siddipet,Government,Telangana,Siddipet,175,,,,FALSE,MBBS,,,,#15803d,,,,,,,,,,,,,,,,,
"Government Medical College, Srinagar",government-medical-college-srinagar,Government,Jammu & Kashmir,Srinagar,200,,,,FALSE,MBBS,,,,#15803d,,,,,,,,,,,,,,,,,
"Government Medical College, Surat",government-medical-college-surat,Government,Gujarat,Surat,250,,,,FALSE,MBBS,,,,#15803d,,,,,,,,,,,,,,,,,
"Government Medical College, Suryapet",government-medical-college-suryapet,Government,Telangana,Suryapet,150,,,,FALSE,MBBS,,,,#15803d,,,,,,,,,,,,,,,,,
"Government Medical College, The Nilgiris",government-medical-college-the-nilgiris,Government,Tamil Nadu,The Nilgiris,150,,,,FALSE,MBBS,,,,#15803d,,,,,,,,,,,,,,,,,
"Government Medical College, Thiruvallur",government-medical-college-thiruvallur,Government,Tamil Nadu,Thiruvallur,100,,,,FALSE,MBBS,,,,#15803d,,,,,,,,,,,,,,,,,
"Government Medical College, Thrissur",government-medical-college-thrissur,Government,Kerala,Thrissur,175,,,,FALSE,MBBS,,,,#15803d,,,,,,,,,,,,,,,,,
"Government Medical College, Vidisha, MP",government-medical-college-vidisha-mp,Government,Madhya Pradesh,MP,180,,,,FALSE,MBBS,,,,#15803d,,,,,,,,,,,,,,,,,
"Government Medical College, Vikarabad, Telangana",government-medical-college-vikarabad-telangana,Government,Telangana,Telangana,100,,,,FALSE,MBBS,,,,#15803d,,,,,,,,,,,,,,,,,
"Government Medical College, Virudhunagar",government-medical-college-virudhunagar,Government,Tamil Nadu,Virudhunagar,150,,,,FALSE,MBBS,,,,#15803d,,,,,,,,,,,,,,,,,
"Government Medical College, Wayanad",government-medical-college-wayanad,Government,Kerala,Wayanad,50,,,,FALSE,MBBS,,,,#15803d,,,,,,,,,,,,,,,,,
"Government Medical College, Yadadri",government-medical-college-yadadri,Government,Telangana,Yadadri,50,,,,FALSE,MBBS,,,,#15803d,,,,,,,,,,,,,,,,,
"Government Medical College,Ariyalur",government-medical-college-ariyalur,Government,Tamil Nadu,Ariyalur,150,,,,FALSE,MBBS,,,,#15803d,,,,,,,,,,,,,,,,,
"Government Medical College,Dindigul",government-medical-college-dindigul,Government,Tamil Nadu,Dindigul,150,,,,FALSE,MBBS,,,,#15803d,,,,,,,,,,,,,,,,,
"Government Medical College,Jagtial",government-medical-college-jagtial,Government,Telangana,Jagtial,150,,,,FALSE,MBBS,,,,#15803d,,,,,,,,,,,,,,,,,
Government Medical college Haridwar,government-medical-college-haridwar,Government,Uttarakhand,,100,,,,FALSE,MBBS,,,,#15803d,,,,,,,,,,,,,,,,,
Government Medical college Sawai Madhopur,government-medical-college-sawai-madhopur,Government,Rajasthan,,100,,,,FALSE,MBBS,,,,#15803d,,,,,,,,,,,,,,,,,
"Government Medical college, Jajpur (JKMC), Odisha",government-medical-college-jajpur-jkmc-odisha,Government,Odisha,Odisha,50,,,,FALSE,MBBS,,,,#15803d,,,,,,,,,,,,,,,,,
"Government Medical college, Sirohi, Rajasthan",government-medical-college-sirohi-rajasthan,Government,Rajasthan,Rajasthan,100,,,,FALSE,MBBS,,,,#15803d,,,,,,,,,,,,,,,,,
"Government Siddhartha Medical College, Vijayawada",government-siddhartha-medical-college-vijayawada,Government,Andhra Pradesh,Vijayawada,175,,,,FALSE,MBBS,,,,#15803d,,,,,,,,,,,,,,,,,
"Government Sivagangai Medical College, Sivaganga",government-sivagangai-medical-college-sivaganga,Government,Tamil Nadu,Sivaganga,100,,,,FALSE,MBBS,,,,#15803d,,,,,,,,,,,,,,,,,
"Government Tiruvannamalai Medical College, Tiruvannamalai",government-tiruvannamalai-medical-college-tiruvannamalai,Government,Tamil Nadu,Tiruvannamalai,100,,,,FALSE,MBBS,,,,#15803d,,,,,,,,,,,,,,,,,
"Government Vellore Medical College, Vellore",government-vellore-medical-college-vellore,Government,Tamil Nadu,Vellore,100,,,,FALSE,MBBS,,,,#15803d,,,,,,,,,,,,,,,,,
"Government Villupuram Medical College, Villupuram",government-villupuram-medical-college-villupuram,Government,Tamil Nadu,Villupuram,100,,,,FALSE,MBBS,,,,#15803d,,,,,,,,,,,,,,,,,
"Government medical college, Nandyal, Andhra Pradesh",government-medical-college-nandyal-andhra-pradesh,Government,Andhra Pradesh,Andhra Pradesh,150,,,,FALSE,MBBS,,,,#15803d,,,,,,,,,,,,,,,,,
"Government medical college, Tonk",government-medical-college-tonk,Government,Rajasthan,Tonk,50,,,,FALSE,MBBS,,,,#15803d,,,,,,,,,,,,,,,,,
"Governmet Medical College, Ongole (previously, Rajiv Gandhi Institute of Medical Sciences,Ongole, AP)",governmet-medical-college-ongole-previously-rajiv-gandhi-institute-of-medical-sc,Government,Andhra Pradesh,AP),150,,,,FALSE,MBBS,,,,#15803d,,,,,,,,,,,,,,,,,
"Govt Medical College Udhampur, Jammu & Kashmir",govt-medical-college-udhampur-jammu-kashmir,Government,Jammu & Kashmir,Jammu & Kashmir,100,,,,FALSE,MBBS,,,,#15803d,,,,,,,,,,,,,,,,,
"Govt Medical College, Mahasamund",govt-medical-college-mahasamund,Government,Chattisgarh,Mahasamund,125,,,,FALSE,MBBS,,,,#15803d,,,,,,,,,,,,,,,,,
"Govt. Medical College, Doda, Kashmir",govt-medical-college-doda-kashmir,Government,Jammu & Kashmir,Kashmir,150,,,,FALSE,MBBS,,,,#15803d,,,,,,,,,,,,,,,,,
"Govt. Medical College, Kolkata",govt-medical-college-kolkata,Government,West Bengal,Kolkata,250,,,,FALSE,MBBS,,,,#15803d,,,,,,,,,,,,,,,,,
"Govt. Medical College,Pariyaram, Kannur",govt-medical-college-pariyaram-kannur,Government,Kerala,Kannur,100,,,,FALSE,MBBS,,,,#15803d,,,,,,,,,,,,,,,,,
"Govt. Mohan Kumaramangalam Medical College, Salem- 30",govt-mohan-kumaramangalam-medical-college-salem-30,Government,Tamil Nadu,Salem- 30,100,,,,FALSE,MBBS,,,,#15803d,,,,,,,,,,,,,,,,,
"Gulbarga Institute of Medical Sciences, Gulbarga",gulbarga-institute-of-medical-sciences-gulbarga,Government,Karnataka,Gulbarga,200,,,,FALSE,MBBS,,,,#15803d,,,,,,,,,,,,,,,,,
"Guntur Medical College, Guntur",guntur-medical-college-guntur,Government,Andhra Pradesh,Guntur,250,,,,FALSE,MBBS,,,,#15803d,,,,,,,,,,,,,,,,,
"Guru Govind Singh Medical College, Faridkot",guru-govind-singh-medical-college-faridkot,Government,Punjab,Faridkot,250,,,,FALSE,MBBS,,,,#15803d,,,,,,,,,,,,,,,,,
"H.B.T. Medical College & Dr. R.N. Cooper Municipal General Hospital, Juhu, Mumba",h-b-t-medical-college-dr-r-n-cooper-municipal-general-hospital-juhu-mumba,Government,Maharashtra,Mumba,200,,,,FALSE,MBBS,,,,#15803d,,,,,,,,,,,,,,,,,
"HASSAN INSTITUTE OF MEDICAL SCIENCES, HASSAN",hassan-institute-of-medical-sciences-hassan,Government,Karnataka,HASSAN,200,,,,FALSE,MBBS,,,,#15803d,,,,,,,,,,,,,,,,,
HAVERI INSTITUTE OF MEDICAL SCIENCES,haveri-institute-of-medical-sciences,Government,Karnataka,,150,,,,FALSE,MBBS,,,,#15803d,,,,,,,,,,,,,,,,,
HAZARIBAGH MEDICAL COLLEGE HAZARIBAGH,hazaribagh-medical-college-hazaribagh,Government,Jharkhand,,100,,,,FALSE,MBBS,,,,#15803d,,,,,,,,,,,,,,,,,
"Indira Gandhi Institute of Medical Sciences,Sheikhpura, Patna",indira-gandhi-institute-of-medical-sciences-sheikhpura-patna,Government,Bihar,Patna,150,,,,FALSE,MBBS,,,,#15803d,,,,,,,,,,,,,,,,,
"Indira Gandhi Medical College & Hospital, Nagpur",indira-gandhi-medical-college-hospital-nagpur,Government,Maharashtra,Nagpur,200,,,,FALSE,MBBS,,,,#15803d,,,,,,,,,,,,,,,,,
"Indira Gandhi Medical College & Research Institute, Puducherry",indira-gandhi-medical-college-research-institute-puducherry,Government,Pondicherry,Puducherry,180,,,,FALSE,MBBS,,,,#15803d,,,,,,,,,,,,,,,,,
"Indira Gandhi Medical College, Shimla",indira-gandhi-medical-college-shimla,Government,Himachal Pradesh,Shimla,120,,,,FALSE,MBBS,,,,#15803d,,,,,,,,,,,,,,,,,
"Institute of Postgraduate Medical Education & Research, Kolkata",institute-of-postgraduate-medical-education-research-kolkata,Government,West Bengal,Kolkata,200,,,,FALSE,MBBS,,,,#15803d,,,,,,,,,,,,,,,,,
"JANNAYAK KARPOORI THAKUR MEDICAL COLLEGE AND HOSPITAL, MADHEPURA, BIHAR",jannayak-karpoori-thakur-medical-college-and-hospital-madhepura-bihar,Government,Bihar,BIHAR,100,,,,FALSE,MBBS,,,,#15803d,,,,,,,,,,,,,,,,,
"Jalpaiguri Government Medical College and Hospital, Jalpaiguri, West Bengal",jalpaiguri-government-medical-college-and-hospital-jalpaiguri-west-bengal,Government,West Bengal,West Bengal,100,,,,FALSE,MBBS,,,,#15803d,,,,,,,,,,,,,,,,,
Jawaharlal Nehru Institute of Medical Sciences,jawaharlal-nehru-institute-of-medical-sciences,Government,Manipur,,150,,,,FALSE,MBBS,,,,#15803d,,,,,,,,,,,,,,,,,
"Jawaharlal Nehru Medical College, Ajmer",jawaharlal-nehru-medical-college-ajmer,Government,Rajasthan,Ajmer,250,,,,FALSE,MBBS,,,,#15803d,,,,,,,,,,,,,,,,,
"Jawaharlal Nehru Medical College, Bhagalpur",jawaharlal-nehru-medical-college-bhagalpur,Government,Bihar,Bhagalpur,120,,,,FALSE,MBBS,,,,#15803d,,,,,,,,,,,,,,,,,
"Jhalawar Medical College, Jhalawar",jhalawar-medical-college-jhalawar,Government,Rajasthan,Jhalawar,200,,,,FALSE,MBBS,,,,#15803d,,,,,,,,,,,,,,,,,
"Jhargram Government Medical College And Hospital, WB",jhargram-government-medical-college-and-hospital-wb,Government,West Bengal,WB,100,,,,FALSE,MBBS,,,,#15803d,,,,,,,,,,,,,,,,,
Jorhat Medical College and Hospital,jorhat-medical-college-and-hospital,Government,Assam,,125,,,,FALSE,MBBS,,,,#15803d,,,,,,,,,,,,,,,,,
"K A P Viswanathan Government Medical College, Trichy",k-a-p-viswanathan-government-medical-college-trichy,Government,Tamil Nadu,Trichy,150,,,,FALSE,MBBS,,,,#15803d,,,,,,,,,,,,,,,,,
"Kakatiya Medical College, Warangal",kakatiya-medical-college-warangal,Government,Telangana,Warangal,250,,,,FALSE,MBBS,,,,#15803d,,,,,,,,,,,,,,,,,
"Kalpana Chawala Govt. Medical College, Karnal, Haryana",kalpana-chawala-govt-medical-college-karnal-haryana,Government,Haryana,Haryana,120,,,,FALSE,MBBS,,,,#15803d,,,,,,,,,,,,,,,,,
"Kalyan Singh Government medical college, Bulandshahr, UP",kalyan-singh-government-medical-college-bulandshahr-up,Government,Uttar Pradesh,UP,100,,,,FALSE,MBBS,,,,#15803d,,,,,,,,,,,,,,,,,
"KanyaKumari Government Medical College, Asaripallam",kanyakumari-government-medical-college-asaripallam,Government,Tamil Nadu,Asaripallam,150,,,,FALSE,MBBS,,,,#15803d,,,,,,,,,,,,,,,,,
"Karnataka Institute of Medical Sciences, Hubballi",karnataka-institute-of-medical-sciences-hubballi,Government,Karnataka,Hubballi,200,,,,FALSE,MBBS,,,,#15803d,,,,,,,,,,,,,,,,,
"Karwar Institute of Medical Sciences, Karwar",karwar-institute-of-medical-sciences-karwar,Government,Karnataka,Karwar,150,,,,FALSE,MBBS,,,,#15803d,,,,,,,,,,,,,,,,,
"Kilpauk Medical College, Chennai",kilpauk-medical-college-chennai,Government,Tamil Nadu,Chennai,150,,,,FALSE,MBBS,,,,#15803d,,,,,,,,,,,,,,,,,
"King George Medical University, Lucknow",king-george-medical-university-lucknow,Government,Uttar Pradesh,Lucknow,250,,,,FALSE,MBBS,,,,#15803d,,,,,,,,,,,,,,,,,
"Kodagu Institute of Medical Sciences, Kodagu",kodagu-institute-of-medical-sciences-kodagu,Government,Karnataka,Kodagu,150,,,,FALSE,MBBS,,,,#15803d,,,,,,,,,,,,,,,,,
"Kokrajhar Medical College, Assam",kokrajhar-medical-college-assam,Government,Assam,Assam,100,,,,FALSE,MBBS,,,,#15803d,,,,,,,,,,,,,,,,,
"Koppal Institute of Medical Sciences, Koppal",koppal-institute-of-medical-sciences-koppal,Government,Karnataka,Koppal,150,,,,FALSE,MBBS,,,,#15803d,,,,,,,,,,,,,,,,,
"Kurnool Medical College, Kurnool",kurnool-medical-college-kurnool,Government,Andhra Pradesh,Kurnool,250,,,,FALSE,MBBS,,,,#15803d,,,,,,,,,,,,,,,,,
LAKHIMPUR MEDICAL COLLEGE,lakhimpur-medical-college,Government,Assam,,100,,,,FALSE,MBBS,,,,#15803d,,,,,,,,,,,,,,,,,
"LLRM Medical College, Meerut",llrm-medical-college-meerut,Government,Uttar Pradesh,Meerut,150,,,,FALSE,MBBS,,,,#15803d,,,,,,,,,,,,,,,,,
"Lady Hardinge Medical College, New Delhi",lady-hardinge-medical-college-new-delhi,Government,Delhi,New Delhi,240,,,,FALSE,MBBS,,,,#15803d,,,,,,,,,,,,,,,,,
"Late Shri Baliram Kashyap Memorial NDMC Govt. Medical College, Jagdalpur",late-shri-baliram-kashyap-memorial-ndmc-govt-medical-college-jagdalpur,Government,Chattisgarh,Jagdalpur,125,,,,FALSE,MBBS,,,,#15803d,,,,,,,,,,,,,,,,,
"Late Shri Lakhi Ram Agrawal Memorial Govt. Medical College, Raigarh",late-shri-lakhi-ram-agrawal-memorial-govt-medical-college-raigarh,Government,Chattisgarh,Raigarh,100,,,,FALSE,MBBS,,,,#15803d,,,,,,,,,,,,,,,,,
Late. Bisahu Das Mahant Memorial Medical College Korba C.G.,late-bisahu-das-mahant-memorial-medical-college-korba-c-g,Government,Chattisgarh,,125,,,,FALSE,MBBS,,,,#15803d,,,,,,,,,,,,,,,,,
"Lokmanya Tilak Municipal Medical College, Sion, Mumbai",lokmanya-tilak-municipal-medical-college-sion-mumbai,Government,Maharashtra,Mumbai,200,,,,FALSE,MBBS,,,,#15803d,,,,,,,,,,,,,,,,,
"M G M Medical College, Indore",m-g-m-medical-college-indore,Government,Madhya Pradesh,Indore,250,,,,FALSE,MBBS,,,,#15803d,,,,,,,,,,,,,,,,,
"M G M Medical College, Jamshedpur",m-g-m-medical-college-jamshedpur,Government,Jharkhand,Jamshedpur,150,,,,FALSE,MBBS,,,,#15803d,,,,,,,,,,,,,,,,,
MAHATMA VIDUR AUTONOMOUS STATE MEDICAL COLLEGE BIJNOR  UP,mahatma-vidur-autonomous-state-medical-college-bijnor-up,Government,Uttar Pradesh,,100,,,,FALSE,MBBS,,,,#15803d,,,,,,,,,,,,,,,,,
"MEDICAL COLLEGE, BARODA",medical-college-baroda,Government,Gujarat,BARODA,250,,,,FALSE,MBBS,,,,#15803d,,,,,,,,,,,,,,,,,
"MKCG Medical College, Berhampur",mkcg-medical-college-berhampur,Government,Odisha,Berhampur,250,,,,FALSE,MBBS,,,,#15803d,,,,,,,,,,,,,,,,,
"MP SHAH MEDICAL COLLEGE, JAMNAGAR",mp-shah-medical-college-jamnagar,Government,Gujarat,JAMNAGAR,250,,,,FALSE,MBBS,,,,#15803d,,,,,,,,,,,,,,,,,
"MYSORE MEDICAL COLLEGE AND RESEARCH INSTITUTE, MYSURU",mysore-medical-college-and-research-institute-mysuru,Government,Karnataka,MYSURU,250,,,,FALSE,MBBS,,,,#15803d,,,,,,,,,,,,,,,,,
"Madras Medical College, Chennai",madras-medical-college-chennai,Government,Tamil Nadu,Chennai,250,,,,FALSE,MBBS,,,,#15803d,,,,,,,,,,,,,,,,,
"Madurai Medical College, Madurai",madurai-medical-college-madurai,Government,Tamil Nadu,Madurai,250,,,,FALSE,MBBS,,,,#15803d,,,,,,,,,,,,,,,,,
"Mahamaya Rajkiya Allopathic Medical College, Ambedkarnagar",mahamaya-rajkiya-allopathic-medical-college-ambedkarnagar,Government,Uttar Pradesh,Ambedkarnagar,100,,,,FALSE,MBBS,,,,#15803d,,,,,,,,,,,,,,,,,
"Maharani Laxmi Bai Medical College, Jhansi",maharani-laxmi-bai-medical-college-jhansi,Government,Uttar Pradesh,Jhansi,150,,,,FALSE,MBBS,,,,#15803d,,,,,,,,,,,,,,,,,
"Maharishi Chyawan Medical College, Koriawas",maharishi-chyawan-medical-college-koriawas,Government,Haryana,Koriawas,100,,,,FALSE,MBBS,,,,#15803d,,,,,,,,,,,,,,,,,
"Maharshi Devraha Baba Autonomous State Medical College, Deoria",maharshi-devraha-baba-autonomous-state-medical-college-deoria,Government,Uttar Pradesh,Deoria,100,,,,FALSE,MBBS,,,,#15803d,,,,,,,,,,,,,,,,,
"Mahatma Gandhi Institute of Medical Sciences, Sevagram, Wardha",mahatma-gandhi-institute-of-medical-sciences-sevagram-wardha,Government,Maharashtra,Wardha,100,,,,FALSE,MBBS,,,,#15803d,,,,,,,,,,,,,,,,,
"Malda Medical College & Hospital, Malda",malda-medical-college-hospital-malda,Government,West Bengal,Malda,125,,,,FALSE,MBBS,,,,#15803d,,,,,,,,,,,,,,,,,
"Mandya Institute of Medical Sciences, Mandya",mandya-institute-of-medical-sciences-mandya,Government,Karnataka,Mandya,150,,,,FALSE,MBBS,,,,#15803d,,,,,,,,,,,,,,,,,
"Medical College, Thiruvananthapuram",medical-college-thiruvananthapuram,Government,Kerala,Thiruvananthapuram,250,,,,FALSE,MBBS,,,,#15803d,,,,,,,,,,,,,,,,,
"Medinirai Medical College & Hospital, Palamu",medinirai-medical-college-hospital-palamu,Government,Jharkhand,Palamu,100,,,,FALSE,MBBS,,,,#15803d,,,,,,,,,,,,,,,,,
"Midnapore Medical College, Midnapore",midnapore-medical-college-midnapore,Government,West Bengal,Midnapore,200,,,,FALSE,MBBS,,,,#15803d,,,,,,,,,,,,,,,,,
"Moti Lal Nehru Medical College, Allahabad",moti-lal-nehru-medical-college-allahabad,Government,Uttar Pradesh,Allahabad,200,,,,FALSE,MBBS,,,,#15803d,,,,,,,,,,,,,,,,,
"Murshidabad Medical College & Hospitals, Murshidabad",murshidabad-medical-college-hospitals-murshidabad,Government,West Bengal,Murshidabad,125,,,,FALSE,MBBS,,,,#15803d,,,,,,,,,,,,,,,,,
"NAMO Medical Education and Research Institute, Silvassa",namo-medical-education-and-research-institute-silvassa,Government,Dadra and Nagar Haveli,Silvassa,177,,,,FALSE,MBBS,,,,#15803d,,,,,,,,,,,,,,,,,
"Nagaland Institute of Medical Sciences and Research, Nagaland",nagaland-institute-of-medical-sciences-and-research-nagaland,Government,Nagaland,Nagaland,100,,,,FALSE,MBBS,,,,#15803d,,,,,,,,,,,,,,,,,
Nagaon Medical College,nagaon-medical-college,Government,Assam,,100,,,,FALSE,MBBS,,,,#15803d,,,,,,,,,,,,,,,,,
"Nalanda Medical College, Patna",nalanda-medical-college-patna,Government,Bihar,Patna,150,,,,FALSE,MBBS,,,,#15803d,,,,,,,,,,,,,,,,,
"Nalbari Medical College and Hospital, Assam",nalbari-medical-college-and-hospital-assam,Government,Assam,Assam,100,,,,FALSE,MBBS,,,,#15803d,,,,,,,,,,,,,,,,,
"Netaji Subhash Chandra Bose Medical College, Jabalpur",netaji-subhash-chandra-bose-medical-college-jabalpur,Government,Madhya Pradesh,Jabalpur,250,,,,FALSE,MBBS,,,,#15803d,,,,,,,,,,,,,,,,,
"Nilratan Sircar Medical College, Kolkata",nilratan-sircar-medical-college-kolkata,Government,West Bengal,Kolkata,250,,,,FALSE,MBBS,,,,#15803d,,,,,,,,,,,,,,,,,
"North Bengal Medical College, Darjeeling",north-bengal-medical-college-darjeeling,Government,West Bengal,Darjeeling,200,,,,FALSE,MBBS,,,,#15803d,,,,,,,,,,,,,,,,,
"North Delhi Muncipal Corporation Medical College, Delhi",north-delhi-muncipal-corporation-medical-college-delhi,Government,Delhi,Delhi,60,,,,FALSE,MBBS,,,,#15803d,,,,,,,,,,,,,,,,,
"North Eastern Indira Gandhi Regional Instt. of Health and Medical Sciences, Shil",north-eastern-indira-gandhi-regional-instt-of-health-and-medical-sciences-shil,Government,Meghalaya,Shil,50,,,,FALSE,MBBS,,,,#15803d,,,,,,,,,,,,,,,,,
"Osmania Medical College, Hyderabad",osmania-medical-college-hyderabad,Government,Telangana,Hyderabad,250,,,,FALSE,MBBS,,,,#15803d,,,,,,,,,,,,,,,,,
"PABITRA MOHAN PRADHAN MEDICAL COLLEGE, TALCHER",pabitra-mohan-pradhan-medical-college-talcher,Government,Odisha,TALCHER,100,,,,FALSE,MBBS,,,,#15803d,,,,,,,,,,,,,,,,,
"PT NEKI RAM SHARMA GOVERNMENT MEDICAL COLLEGE, BHIWANI",pt-neki-ram-sharma-government-medical-college-bhiwani,Government,Haryana,BHIWANI,100,,,,FALSE,MBBS,,,,#15803d,,,,,,,,,,,,,,,,,
"Pandit deendayal Upadhyay Medical College, Rajkot",pandit-deendayal-upadhyay-medical-college-rajkot,Government,Gujarat,Rajkot,200,,,,FALSE,MBBS,,,,#15803d,,,,,,,,,,,,,,,,,
"Patliputra Medical College, Dhanbad",patliputra-medical-college-dhanbad,Government,Jharkhand,Dhanbad,100,,,,FALSE,MBBS,,,,#15803d,,,,,,,,,,,,,,,,,
"Patna Medical College, Patna",patna-medical-college-patna,Government,Bihar,Patna,200,,,,FALSE,MBBS,,,,#15803d,,,,,,,,,,,,,,,,,
Prafulla Chandra Sen Government Medical College and Hospital,prafulla-chandra-sen-government-medical-college-and-hospital,Government,West Bengal,,100,,,,FALSE,MBBS,,,,#15803d,,,,,,,,,,,,,,,,,
Pragjyotishpur Medical College,pragjyotishpur-medical-college,Government,Assam,,100,,,,FALSE,MBBS,,,,#15803d,,,,,,,,,,,,,,,,,
"Pt B D Sharma Post Graduate Institute of Medical Sciences, Rohtak",pt-b-d-sharma-post-graduate-institute-of-medical-sciences-rohtak,Government,Haryana,Rohtak,250,,,,FALSE,MBBS,,,,#15803d,,,,,,,,,,,,,,,,,
"Pt. J N M Medical College, Raipur",pt-j-n-m-medical-college-raipur,Government,Chattisgarh,Raipur,230,,,,FALSE,MBBS,,,,#15803d,,,,,,,,,,,,,,,,,
"Pt. Jawahar Lal Nehru Government Medical College, Chamba",pt-jawahar-lal-nehru-government-medical-college-chamba,Government,Himachal Pradesh,Chamba,120,,,,FALSE,MBBS,,,,#15803d,,,,,,,,,,,,,,,,,
"Pt. Raghunath Murmu Medical College and Hospital, Baripada, Odisha",pt-raghunath-murmu-medical-college-and-hospital-baripada-odisha,Government,Odisha,Odisha,125,,,,FALSE,MBBS,,,,#15803d,,,,,,,,,,,,,,,,,
Purulia Government Medical College & Hospital,purulia-government-medical-college-hospital,Government,West Bengal,,150,,,,FALSE,MBBS,,,,#15803d,,,,,,,,,,,,,,,,,
"R N T Medical College,  Udaipur",r-n-t-medical-college-udaipur,Government,Rajasthan,Udaipur,250,,,,FALSE,MBBS,,,,#15803d,,,,,,,,,,,,,,,,,
"RANGARAYA MEDICAL COLLEGE, KAKINADA",rangaraya-medical-college-kakinada,Government,Andhra Pradesh,KAKINADA,250,,,,FALSE,MBBS,,,,#15803d,,,,,,,,,,,,,,,,,
"RG Kar Medical College, Kolkata",rg-kar-medical-college-kolkata,Government,West Bengal,Kolkata,249,,,,FALSE,MBBS,,,,#15803d,,,,,,,,,,,,,,,,,
"RUHS College of Medical Sciences, Jaipur",ruhs-college-of-medical-sciences-jaipur,Government,Rajasthan,Jaipur,150,,,,FALSE,MBBS,,,,#15803d,,,,,,,,,,,,,,,,,
"Raichur Institute Of Medical Science, Raichur",raichur-institute-of-medical-science-raichur,Government,Karnataka,Raichur,200,,,,FALSE,MBBS,,,,#15803d,,,,,,,,,,,,,,,,,
"Raiganj Government Medical College & Hospital, Raiganj",raiganj-government-medical-college-hospital-raiganj,Government,West Bengal,Raiganj,150,,,,FALSE,MBBS,,,,#15803d,,,,,,,,,,,,,,,,,
"Rajah Muthiah Medical College, Annamalainagar",rajah-muthiah-medical-college-annamalainagar,Government,Tamil Nadu,Annamalainagar,150,,,,FALSE,MBBS,,,,#15803d,,,,,,,,,,,,,,,,,
"Rajashree Chatrapati Shahu Maharaj Government Medical College, Kolhapur",rajashree-chatrapati-shahu-maharaj-government-medical-college-kolhapur,Government,Maharashtra,Kolhapur,150,,,,FALSE,MBBS,,,,#15803d,,,,,,,,,,,,,,,,,
"Rajendra Institute of Medical Sciences, Ranchi",rajendra-institute-of-medical-sciences-ranchi,Government,Jharkhand,Ranchi,180,,,,FALSE,MBBS,,,,#15803d,,,,,,,,,,,,,,,,,
"Rajiv Gandhi Institute of Medical Sciences, adilabad",rajiv-gandhi-institute-of-medical-sciences-adilabad,Government,Telangana,adilabad,120,,,,FALSE,MBBS,,,,#15803d,,,,,,,,,,,,,,,,,
"Rajiv Gandhi Medical College and Chhatrapati Shivaji Maharaj Hospital, Thane",rajiv-gandhi-medical-college-and-chhatrapati-shivaji-maharaj-hospital-thane,Government,Maharashtra,Thane,100,,,,FALSE,MBBS,,,,#15803d,,,,,,,,,,,,,,,,,
"Rajkiya Allopathic Medical College, Bahraich, UP",rajkiya-allopathic-medical-college-bahraich-up,Government,Uttar Pradesh,UP,100,,,,FALSE,MBBS,,,,#15803d,,,,,,,,,,,,,,,,,
"Rajkiya Medical College Jalaun, Orai, Uttar Pradesh",rajkiya-medical-college-jalaun-orai-uttar-pradesh,Government,Uttar Pradesh,Uttar Pradesh,100,,,,FALSE,MBBS,,,,#15803d,,,,,,,,,,,,,,,,,
"Rampurhat Government Medical College & Hospital, Rampurhat",rampurhat-government-medical-college-hospital-rampurhat,Government,West Bengal,Rampurhat,150,,,,FALSE,MBBS,,,,#15803d,,,,,,,,,,,,,,,,,
Regional Institute of Medical Sciences,regional-institute-of-medical-sciences,Government,Manipur,,125,,,,FALSE,MBBS,,,,#15803d,,,,,,,,,,,,,,,,,
"S N Medical College, Agra",s-n-medical-college-agra,Government,Uttar Pradesh,Agra,200,,,,FALSE,MBBS,,,,#15803d,,,,,,,,,,,,,,,,,
"S V Medical College, Tirupati",s-v-medical-college-tirupati,Government,Andhra Pradesh,Tirupati,240,,,,FALSE,MBBS,,,,#15803d,,,,,,,,,,,,,,,,,
"SCB Medical College, Cuttack",scb-medical-college-cuttack,Government,Odisha,Cuttack,250,,,,FALSE,MBBS,,,,#15803d,,,,,,,,,,,,,,,,,
"SMS Medical College, Jaipur",sms-medical-college-jaipur,Government,Rajasthan,Jaipur,250,,,,FALSE,MBBS,,,,#15803d,,,,,,,,,,,,,,,,,
"SRTR Medical College, Ambajogai",srtr-medical-college-ambajogai,Government,Maharashtra,Ambajogai,150,,,,FALSE,MBBS,,,,#15803d,,,,,,,,,,,,,,,,,
"SVIMS-SRI PADMAVATHI MEDICAL COLLEGE FOR WOMEN, SVIMS CAMPUS, ALIPIRI ROAD, TIRU",svims-sri-padmavathi-medical-college-for-women-svims-campus-alipiri-road-tiru,Government,Andhra Pradesh,TIRU,175,,,,FALSE,MBBS,,,,#15803d,,,,,,,,,,,,,,,,,
"Saheed Laxman Nayak Medical College & Hospital, Koraput",saheed-laxman-nayak-medical-college-hospital-koraput,Government,Odisha,Koraput,125,,,,FALSE,MBBS,,,,#15803d,,,,,,,,,,,,,,,,,
"Saheed Rendo Majhi Medical College and Hospital, Bhawanipatna, Kalahandi, Odisha",saheed-rendo-majhi-medical-college-and-hospital-bhawanipatna-kalahandi-odisha,Government,Odisha,Odisha,100,,,,FALSE,MBBS,,,,#15803d,,,,,,,,,,,,,,,,,
"Sarat Chandra Chattopadhyay Government Medical College & Hospital, Uluberia",sarat-chandra-chattopadhyay-government-medical-college-hospital-uluberia,Government,West Bengal,Uluberia,100,,,,FALSE,MBBS,,,,#15803d,,,,,,,,,,,,,,,,,
"Sardar Patel Medical College, Bikaner",sardar-patel-medical-college-bikaner,Government,Rajasthan,Bikaner,250,,,,FALSE,MBBS,,,,#15803d,,,,,,,,,,,,,,,,,
